0	0.4	0
0	0.384375	0.1
0.05	0.353412	0.19601
0.1	0.309063	0.284595
0.15	0.254295	0.363586
0.2	0.192248	0.432171
0.25	0.12566	0.490546
0.3	0.0566528	0.539477
0.35	-0.013242	0.579958
0.4	-0.0829673	0.613012
0.45	-0.151816	0.639592
0.5	-0.219329	0.660543
0.55	-0.285216	0.676596
0.6	-0.349301	0.688376
0.65	-0.411488	0.696415
0.7	-0.471731	0.701164
0.75	-0.53002	0.703009
0.8	-0.586368	0.702279
0.85	-0.640801	0.699256
0.9	-0.693357	0.694184
0.95	-0.744077	0.687274
1	-0.793008	0.678712
1.05	-0.840195	0.668657
1.1	-0.885686	0.657252
1.15	-0.929526	0.644622
1.2	-0.97176	0.630879
1.25	-1.01243	0.616122
1.3	-1.05159	0.600439
1.35	-1.08926	0.583911
1.4	-1.12549	0.56661
1.45	-1.16031	0.548601
1.5	-1.19376	0.529943
1.55	-1.22587	0.510691
1.6	-1.25667	0.490893
1.65	-1.2862	0.470596
1.7	-1.31447	0.44984
1.75	-1.34151	0.428666
1.8	-1.36736	0.407107
1.85	-1.39203	0.385198
1.9	-1.41554	0.36297
1.95	-1.43792	0.340451
2	-1.45919	0.317668
2.05	-1.47936	0.294646
2.1	-1.49845	0.27141
2.15	-1.51648	0.247982
2.2	-1.53347	0.224383
2.25	-1.54942	0.200633
2.3	-1.56437	0.176751
2.35	-1.5783	0.152757
2.4	-1.59125	0.128666
2.45	-1.60322	0.104497
2.5	-1.61423	0.0802646
2.55	-1.62428	0.0559846
2.6	-1.63338	0.0316721
2.65	-1.64155	0.00734136
2.7	-1.64879	-0.0169935
2.75	-1.65511	-0.0413189
2.8	-1.66051	-0.0656215
2.85	-1.66502	-0.0898884
2.9	-1.66862	-0.114107
2.95	-1.67134	-0.138264
3	-1.67316	-0.162348
3.05	-1.67411	-0.186347
3.1	-1.67418	-0.210248
3.15	-1.67338	-0.23404
3.2	-1.67172	-0.257711
3.25	-1.66919	-0.281248
3.3	-1.66579	-0.30464
3.35	-1.66155	-0.327876
3.4	-1.65644	-0.350943
3.45	-1.65049	-0.373829
3.5	-1.64368	-0.396522
3.55	-1.63602	-0.419011
3.6	-1.62751	-0.441281
3.65	-1.61816	-0.463322
3.7	-1.60795	-0.48512
3.75	-1.5969	-0.506661
3.8	-1.585	-0.527934
3.85	-1.57225	-0.548923
3.9	-1.55864	-0.569615
3.95	-1.54419	-0.589996
4	-1.52888	-0.61005
4.05	-1.51271	-0.629762
4.1	-1.49569	-0.649116
4.15	-1.4778	-0.668096
4.2	-1.45904	-0.686685
4.25	-1.43942	-0.704863
4.3	-1.41892	-0.722614
4.35	-1.39754	-0.739918
4.4	-1.37528	-0.756753
4.45	-1.35213	-0.7731
4.5	-1.32808	-0.788935
4.55	-1.30314	-0.804235
4.6	-1.27728	-0.818975
4.65	-1.25052	-0.833129
4.7	-1.22283	-0.846669
4.75	-1.19421	-0.859565
4.8	-1.16466	-0.871787
4.85	-1.13416	-0.883301
4.9	-1.1027	-0.894072
4.95	-1.07028	-0.904062
5	-1.03689	-0.91323
5.05	-1.00252	-0.921532
5.1	-0.96715	-0.928922
5.15	-0.93078	-0.935348
5.2	-0.893398	-0.940757
5.25	-0.854993	-0.94509
5.3	-0.815556	-0.94828
5.35	-0.775076	-0.950259
5.4	-0.733545	-0.95095
5.45	-0.690956	-0.950268
5.5	-0.647302	-0.948122
5.55	-0.602579	-0.944408
5.6	-0.556783	-0.939016
5.65	-0.509918	-0.931819
5.7	-0.46199	-0.922679
5.75	-0.41301	-0.911439
5.8	-0.362999	-0.897925
5.85	-0.31199	-0.88194
5.9	-0.260028	-0.863262
5.95	-0.207179	-0.841639
6	-0.153534	-0.816784
6.05	-0.0992212	-0.788373
6.1	-0.0444136	-0.756033
6.15	0.0106496	-0.719342
6.2	0.0656413	-0.677821
6.25	0.120113	-0.630934
6.3	0.173452	-0.578093
6.35	0.224818	-0.51868
6.4	0.273074	-0.452088
6.45	0.316695	-0.377825
6.5	0.353709	-0.29568
6.55	0.381698	-0.20599
6.6	0.397993	-0.109988
6.65	0.400154	-0.0100814
6.7	0.386717	0.0902187
6.75	0.357841	0.186917
6.8	0.315369	0.276513
6.85	0.262212	0.356741
6.9	0.201501	0.426692
6.95	0.135996	0.486491
7	0.0678527	0.536853
7.05	-0.00136071	0.578746
7.1	-0.0705566	0.613175
7.15	-0.139002	0.641084
7.2	-0.206217	0.663316
7.25	-0.271893	0.6806
7.3	-0.335843	0.693562
7.35	-0.397958	0.702734
7.4	-0.458184	0.708571
7.45	-0.516504	0.71146
7.5	-0.572923	0.711732
7.55	-0.627465	0.70967
7.6	-0.680161	0.705521
7.65	-0.731051	0.699499
7.7	-0.780176	0.691788
7.75	-0.82758	0.682551
7.8	-0.873309	0.671933
7.85	-0.917405	0.660058
7.9	-0.959913	0.647041
7.95	-1.00087	0.632981
8	-1.04033	0.617968
8.05	-1.07832	0.602083
8.1	-1.11487	0.585398
8.15	-1.15003	0.567981
8.2	-1.18383	0.549891
8.25	-1.21629	0.531183
8.3	-1.24746	0.511907
8.35	-1.27735	0.492109
8.4	-1.306	0.471831
8.45	-1.33343	0.451113
8.5	-1.35966	0.429991
8.55	-1.38473	0.408497
8.6	-1.40864	0.386665
8.65	-1.43142	0.364522
8.7	-1.45309	0.342096
8.75	-1.47367	0.319414
8.8	-1.49317	0.296498
8.85	-1.51162	0.273373
8.9	-1.52902	0.250058
8.95	-1.5454	0.226576
9	-1.56076	0.202945
9.05	-1.57513	0.179184
9.1	-1.5885	0.155311
9.15	-1.60089	0.131342
9.2	-1.61233	0.107293
9.25	-1.6228	0.0831817
9.3	-1.63233	0.0590214
9.35	-1.64092	0.0348273
9.4	-1.64859	0.0106135
9.45	-1.65534	-0.0136062
9.5	-1.66117	-0.0378185
9.55	-1.6661	-0.0620101
9.6	-1.67013	-0.0861683
9.65	-1.67326	-0.11028
9.7	-1.67551	-0.134334
9.75	-1.67688	-0.158317
9.8	-1.67737	-0.182217
9.85	-1.67699	-0.206022
9.9	-1.67574	-0.229721
9.95	-1.67362	-0.253301
10	-1.67064	-0.27675
10.05	-1.6668	-0.300057
10.1	-1.6621	-0.323209
10.15	-1.65655	-0.346195
10.2	-1.65014	-0.369002
10.25	-1.64287	-0.391619
10.3	-1.63476	-0.414032
10.35	-1.62579	-0.436229
10.4	-1.61597	-0.458198
10.45	-1.6053	-0.479925
10.5	-1.59378	-0.501397
10.55	-1.5814	-0.5226
10.6	-1.56816	-0.543521
10.65	-1.55407	-0.564144
10.7	-1.53912	-0.584455
10.75	-1.52331	-0.604439
10.8	-1.50663	-0.624079
10.85	-1.48908	-0.64336
10.9	-1.47066	-0.662264
10.95	-1.45136	-0.680773
11	-1.43119	-0.698869
11.05	-1.41012	-0.716533
11.1	-1.38817	-0.733744
11.15	-1.36532	-0.750481
11.2	-1.34157	-0.766722
11.25	-1.31691	-0.782443
11.3	-1.29133	-0.79762
11.35	-1.26483	-0.812227
11.4	-1.2374	-0.826236
11.45	-1.20902	-0.839618
11.5	-1.17971	-0.852342
11.55	-1.14943	-0.864375
11.6	-1.11819	-0.875681
11.65	-1.08597	-0.886223
11.7	-1.05277	-0.895961
11.75	-1.01857	-0.90485
11.8	-0.983363	-0.912846
11.85	-0.947139	-0.919896
11.9	-0.909886	-0.925947
11.95	-0.871594	-0.930941
12	-0.832251	-0.934812
12.05	-0.791847	-0.937491
12.1	-0.750371	-0.938902
12.15	-0.707815	-0.938961
12.2	-0.664171	-0.937576
12.25	-0.619432	-0.934646
12.3	-0.573595	-0.930058
12.35	-0.526658	-0.923688
12.4	-0.478627	-0.915398
12.45	-0.429509	-0.905031
12.5	-0.379324	-0.892413
12.55	-0.328098	-0.877349
12.6	-0.275875	-0.859616
12.65	-0.222714	-0.838962
12.7	-0.168702	-0.815101
12.75	-0.113958	-0.787707
12.8	-0.0586499	-0.756407
12.85	-0.00300564	-0.720776
12.9	0.0526587	-0.680334
12.95	0.107909	-0.634538
13	0.162147	-0.582794
13.05	0.214554	-0.524467
13.1	0.264013	-0.458935
13.15	0.309026	-0.385672
13.2	0.347637	-0.304422
13.25	0.377441	-0.215457
13.3	0.395749	-0.119932
13.35	0.400066	-0.0201659
13.4	0.388823	0.0803843
13.45	0.36205	0.177724
13.5	0.32148	0.268291
13.55	0.269963	0.349722
13.6	0.210619	0.421014
13.65	0.146228	0.482217
13.7	0.0789803	0.533998
13.75	0.0104771	0.577292
13.8	-0.0581623	0.613088
13.85	-0.126179	0.642322
13.9	-0.193071	0.665831
13.95	-0.258515	0.684344
14	-0.322307	0.698487
14.05	-0.38433	0.708793
14.1	-0.44452	0.71572
14.15	-0.502851	0.719654
14.2	-0.559325	0.72093
14.25	-0.613958	0.719833
14.3	-0.666778	0.716611
14.35	-0.717821	0.711479
14.4	-0.767126	0.704624
14.45	-0.814734	0.696211
14.5	-0.860687	0.686383
14.55	-0.905027	0.675269
14.6	-0.947796	0.662983
14.65	-0.989034	0.649625
14.7	-1.02878	0.635287
14.75	-1.06707	0.620051
14.8	-1.10394	0.60399
14.85	-1.13943	0.587172
14.9	-1.17356	0.569656
14.95	-1.20637	0.551499
15	-1.23789	0.532751
15.05	-1.26815	0.513459
15.1	-1.29716	0.493666
15.15	-1.32497	0.473411
15.2	-1.35158	0.452731
15.25	-1.37703	0.43166
15.3	-1.40133	0.410231
15.35	-1.42451	0.388471
15.4	-1.44658	0.366411
15.45	-1.46757	0.344074
15.5	-1.48748	0.321486
15.55	-1.50633	0.298671
15.6	-1.52415	0.275649
15.65	-1.54094	0.252441
15.7	-1.55672	0.229068
15.75	-1.5715	0.205548
15.8	-1.5853	0.181899
15.85	-1.59811	0.158138
15.9	-1.60997	0.134281
15.95	-1.62087	0.110345
16	-1.63082	0.0863447
16.05	-1.63984	0.0622947
16.1	-1.64793	0.0382094
16.15	-1.6551	0.0141027
16.2	-1.66136	-0.0100117
16.25	-1.66671	-0.0341206
16.3	-1.67116	-0.0582112
16.35	-1.67472	-0.0822706
16.4	-1.67739	-0.106286
16.45	-1.67918	-0.130246
16.5	-1.68009	-0.154138
16.55	-1.68012	-0.177949
16.6	-1.67929	-0.201668
16.65	-1.67758	-0.225283
16.7	-1.67501	-0.248782
16.75	-1.67158	-0.272153
16.8	-1.66729	-0.295384
16.85	-1.66214	-0.318462
16.9	-1.65613	-0.341377
16.95	-1.64927	-0.364114
17	-1.64155	-0.386663
17.05	-1.63298	-0.409011
17.1	-1.62355	-0.431144
17.15	-1.61326	-0.453049
17.2	-1.60211	-0.474714
17.25	-1.59011	-0.496125
17.3	-1.57725	-0.517267
17.35	-1.56352	-0.538126
17.4	-1.54893	-0.558688
17.45	-1.53348	-0.578937
17.5	-1.51715	-0.598858
17.55	-1.49995	-0.618433
17.6	-1.48187	-0.637646
17.65	-1.46291	-0.65648
17.7	-1.44306	-0.674915
17.75	-1.42231	-0.692933
17.8	-1.40068	-0.710514
17.85	-1.37813	-0.727637
17.9	-1.35468	-0.744278
17.95	-1.33031	-0.760416
18	-1.30501	-0.776025
18.05	-1.27879	-0.79108
18.1	-1.25162	-0.805554
18.15	-1.2235	-0.819417
18.2	-1.19443	-0.832638
18.25	-1.16439	-0.845185
18.3	-1.13337	-0.857022
18.35	-1.10136	-0.868112
18.4	-1.06836	-0.878416
18.45	-1.03434	-0.88789
18.5	-0.999307	-0.896487
18.55	-0.963239	-0.904158
18.6	-0.926127	-0.910849
18.65	-0.887959	-0.916501
18.7	-0.848722	-0.92105
18.75	-0.808405	-0.924427
18.8	-0.766997	-0.926556
18.85	-0.724487	-0.927355
18.9	-0.680866	-0.92673
18.95	-0.636126	-0.924583
19	-0.59026	-0.9208
19.05	-0.543267	-0.915257
19.1	-0.495147	-0.907817
19.15	-0.445908	-0.898324
19.2	-0.395563	-0.886605
19.25	-0.344138	-0.872464
19.3	-0.29167	-0.855679
19.35	-0.238215	-0.835998
19.4	-0.183854	-0.813136
19.45	-0.128699	-0.786765
19.5	-0.072909	-0.756512
19.55	-0.016704	-0.721951
19.6	0.039612	-0.682597
19.65	0.0956182	-0.637905
19.7	0.150734	-0.587271
19.75	0.204158	-0.530049
19.8	0.254798	-0.465596
19.85	0.301177	-0.393359
19.9	0.341364	-0.313033
19.95	0.372962	-0.224832
20	0.39327	-0.129824
20.05	0.399737	-0.0302479
20.1	0.390691	0.0705024
20.15	0.366036	0.168436
20.2	0.327393	0.259932
20.25	0.277545	0.342533
20.3	0.219599	0.41514
20.35	0.156354	0.477728
20.4	0.0900308	0.530913
20.45	0.0222664	0.575597
20.5	-0.0457893	0.612753
20.55	-0.113352	0.643305
20.6	-0.179897	0.668088
20.65	-0.245085	0.687827
20.7	-0.308699	0.70315
20.75	-0.370608	0.714591
20.8	-0.430742	0.722607
20.85	-0.489067	0.727589
20.9	-0.545577	0.729871
20.95	-0.600284	0.729742
21	-0.653213	0.72745
21.05	-0.704394	0.723212
21.1	-0.753864	0.717218
21.15	-0.801661	0.709631
21.2	-0.847825	0.700599
21.25	-0.892396	0.69025
21.3	-0.935413	0.6787
21.35	-0.976915	0.666051
21.4	-1.01694	0.652394
21.45	-1.05552	0.637812
21.5	-1.0927	0.62238
21.55	-1.1285	0.606166
21.6	-1.16296	0.589231
21.65	-1.19611	0.571631
21.7	-1.22797	0.553418
21.75	-1.25858	0.534639
21.8	-1.28796	0.515336
21.85	-1.31613	0.495552
21.9	-1.34312	0.475321
21.95	-1.36895	0.45468
22	-1.39364	0.433661
22.05	-1.4172	0.412292
22.1	-1.43967	0.390603
22.15	-1.46105	0.36862
22.2	-1.48136	0.346367
22.25	-1.50063	0.323869
22.3	-1.51885	0.301146
22.35	-1.53605	0.278221
22.4	-1.55224	0.255113
22.45	-1.56744	0.231842
22.5	-1.58165	0.208424
22.55	-1.59489	0.184878
22.6	-1.60716	0.161221
22.65	-1.61848	0.137468
22.7	-1.62885	0.113634
22.75	-1.63829	0.0897357
22.8	-1.64681	0.0657863
22.85	-1.6544	0.0418002
22.9	-1.66108	0.0177911
22.95	-1.66685	-0.00622782
23	-1.67173	-0.0302433
23.05	-1.67571	-0.0542427
23.1	-1.6788	-0.0782132
23.15	-1.68101	-0.102143
23.2	-1.68234	-0.126019
23.25	-1.68279	-0.149829
23.3	-1.68237	-0.173561
23.35	-1.68108	-0.197204
23.4	-1.67892	-0.220746
23.45	-1.6759	-0.244173
23.5	-1.67202	-0.267475
23.55	-1.66727	-0.290639
23.6	-1.66167	-0.313654
23.65	-1.65521	-0.336506
23.7	-1.64788	-0.359183
23.75	-1.6397	-0.381674
23.8	-1.63066	-0.403964
23.85	-1.62076	-0.426042
23.9	-1.61	-0.447893
23.95	-1.59838	-0.469504
24	-1.58589	-0.490861
24.05	-1.57254	-0.51195
24.1	-1.55831	-0.532757
24.15	-1.54322	-0.553265
24.2	-1.52725	-0.573459
24.25	-1.5104	-0.593322
24.3	-1.49266	-0.612839
24.35	-1.47404	-0.631991
24.4	-1.45453	-0.65076
24.45	-1.43411	-0.669127
24.5	-1.41279	-0.687072
24.55	-1.39056	-0.704574
24.6	-1.36741	-0.721611
24.65	-1.34334	-0.738159
24.7	-1.31834	-0.754196
24.75	-1.29239	-0.769694
24.8	-1.2655	-0.784627
24.85	-1.23764	-0.798965
24.9	-1.20882	-0.812679
24.95	-1.17902	-0.825736
25	-1.14824	-0.8381
25.05	-1.11645	-0.849735
25.1	-1.08365	-0.860601
25.15	-1.04983	-0.870654
25.2	-1.01498	-0.87985
25.25	-0.979077	-0.888139
25.3	-0.942116	-0.895466
25.35	-0.904083	-0.901773
25.4	-0.864964	-0.906998
25.45	-0.824747	-0.911071
25.5	-0.783418	-0.913917
25.55	-0.740967	-0.915453
25.6	-0.697383	-0.915588
25.65	-0.652654	-0.914222
25.7	-0.606774	-0.911243
25.75	-0.559739	-0.906528
25.8	-0.511546	-0.899938
25.85	-0.4622	-0.891321
25.9	-0.411712	-0.880502
25.95	-0.360104	-0.867286
26	-0.307409	-0.851452
26.05	-0.253677	-0.832748
26.1	-0.198985	-0.810889
26.15	-0.143437	-0.785547
26.2	-0.0871859	-0.756348
26.25	-0.0304404	-0.722864
26.3	0.026506	-0.684609
26.35	0.0832463	-0.641032
26.4	0.139216	-0.591522
26.45	0.193635	-0.535421
26.5	0.245431	-0.472069
26.55	0.293153	-0.400881
26.6	0.334893	-0.321511
26.65	0.368264	-0.234108
26.7	0.390556	-0.139661
26.75	0.399165	-0.0403217
26.8	0.392321	0.0605788
26.85	0.369799	0.159058
26.9	0.333104	0.251442
26.95	0.284954	0.335179
27	0.228437	0.409074
27.05	0.166368	0.473027
27.1	0.100999	0.527599
27.15	0.0340024	0.573663
27.2	-0.0334426	0.612169
27.25	-0.100525	0.644035
27.3	-0.1667	0.670086
27.35	-0.231609	0.69105
27.4	-0.295022	0.707551
27.45	-0.356798	0.720126
27.5	-0.416856	0.729232
27.55	-0.475155	0.735263
27.6	-0.531684	0.738553
27.65	-0.586449	0.739394
27.7	-0.63947	0.738035
27.75	-0.690774	0.734695
27.8	-0.740394	0.729564
27.85	-0.788366	0.722809
27.9	-0.834727	0.714577
27.95	-0.879515	0.704998
28	-0.922768	0.694189
28.05	-0.964522	0.682253
28.1	-1.00481	0.669282
28.15	-1.04368	0.65536
28.2	-1.08115	0.640564
28.25	-1.11726	0.62496
28.3	-1.15204	0.608611
28.35	-1.18551	0.591575
28.4	-1.21771	0.573903
28.45	-1.24867	0.555642
28.5	-1.2784	0.536838
28.55	-1.30693	0.51753
28.6	-1.33428	0.497756
28.65	-1.36048	0.477551
28.7	-1.38555	0.456948
28.75	-1.4095	0.435977
28.8	-1.43235	0.414667
28.85	-1.45412	0.393044
28.9	-1.47483	0.371134
28.95	-1.49449	0.34896
29	-1.51312	0.326544
29.05	-1.53073	0.303908
29.1	-1.54733	0.281073
29.15	-1.56293	0.258057
29.2	-1.57756	0.234878
29.25	-1.59121	0.211555
29.3	-1.6039	0.188104
29.35	-1.61563	0.164541
29.4	-1.62643	0.140882
29.45	-1.63629	0.117143
29.5	-1.64522	0.0933366
29.55	-1.65323	0.0694784
29.6	-1.66034	0.0455819
29.65	-1.66653	0.0216605
29.7	-1.67183	-0.00227265
29.75	-1.67623	-0.0262045
29.8	-1.67974	-0.0501225
29.85	-1.68237	-0.0740141
29.9	-1.68411	-0.097867
29.95	-1.68498	-0.121669
30	-1.68498	-0.145408
30.05	-1.6841	-0.169071
30.1	-1.68236	-0.192648
30.15	-1.67975	-0.216125
30.2	-1.67628	-0.239491
30.25	-1.67194	-0.262734
30.3	-1.66674	-0.285841
30.35	-1.66068	-0.308801
30.4	-1.65375	-0.3316
30.45	-1.64597	-0.354226
30.5	-1.63732	-0.376667
30.55	-1.62781	-0.39891
30.6	-1.61744	-0.42094
30.65	-1.6062	-0.442745
30.7	-1.59409	-0.464311
30.75	-1.58111	-0.485624
30.8	-1.56726	-0.506667
30.85	-1.55253	-0.527428
30.9	-1.53692	-0.547889
30.95	-1.52043	-0.568035
31	-1.50304	-0.587849
31.05	-1.48477	-0.607314
31.1	-1.46559	-0.62641
31.15	-1.44551	-0.64512
31.2	-1.42452	-0.663423
31.25	-1.4026	-0.681299
31.3	-1.37977	-0.698725
31.35	-1.356	-0.715679
31.4	-1.33129	-0.732137
31.45	-1.30564	-0.748073
31.5	-1.27902	-0.763461
31.55	-1.25144	-0.77827
31.6	-1.22288	-0.792472
31.65	-1.19333	-0.806034
31.7	-1.16278	-0.81892
31.75	-1.13123	-0.831095
31.8	-1.09865	-0.842519
31.85	-1.06503	-0.853149
31.9	-1.03037	-0.86294
31.95	-0.994646	-0.871842
32	-0.957848	-0.879802
32.05	-0.919961	-0.886763
32.1	-0.880971	-0.892661
32.15	-0.840866	-0.897427
32.2	-0.79963	-0.900987
32.25	-0.75725	-0.903259
32.3	-0.713715	-0.904152
32.35	-0.669012	-0.903566
32.4	-0.623132	-0.90139
32.45	-0.576068	-0.897502
32.5	-0.527817	-0.891764
32.55	-0.47838	-0.884023
32.6	-0.427765	-0.874105
32.65	-0.375991	-0.861816
32.7	-0.323085	-0.846936
32.75	-0.269095	-0.829213
32.8	-0.214089	-0.80836
32.85	-0.158169	-0.784052
32.9	-0.101475	-0.755914
32.95	-0.04421	-0.723516
33	0.0133455	-0.686368
33.05	0.0707978	-0.643917
33.1	0.127599	-0.595545
33.15	0.182988	-0.540582
33.2	0.235917	-0.478349
33.25	0.284958	-0.408235
33.3	0.328226	-0.329849
33.35	0.36335	-0.24328
33.4	0.38761	-0.149436
33.45	0.398353	-0.0503816
33.5	0.393712	0.0506189
33.55	0.373334	0.149596
33.6	0.338611	0.242825
33.65	0.292186	0.327662
33.7	0.237128	0.402819
33.75	0.176265	0.468114
33.8	0.111881	0.524059
33.85	0.0456801	0.57149
33.9	-0.0211272	0.611339
33.95	-0.0877038	0.64451
34	-0.153484	0.671826
34.05	-0.218091	0.694011
34.1	-0.281282	0.711689
34.15	-0.342904	0.725396
34.2	-0.402867	0.735593
34.25	-0.461122	0.742673
34.3	-0.517651	0.746973
34.35	-0.572457	0.748786
34.4	-0.625553	0.748363
34.45	-0.676964	0.745923
34.5	-0.726719	0.741659
34.55	-0.774852	0.735739
34.6	-0.821396	0.728312
34.65	-0.866388	0.719508
34.7	-0.909864	0.709444
34.75	-0.951859	0.698226
34.8	-0.992408	0.685947
34.85	-1.03154	0.672691
34.9	-1.0693	0.658535
34.95	-1.1057	0.643547
35	-1.14079	0.627791
35.05	-1.17458	0.611324
35.1	-1.20711	0.594199
35.15	-1.2384	0.576464
35.2	-1.26847	0.558163
35.25	-1.29735	0.539339
35.3	-1.32507	0.520028
35.35	-1.35163	0.500266
35.4	-1.37707	0.480087
35.45	-1.40139	0.45952
35.5	-1.42463	0.438596
35.55	-1.44679	0.41734
35.6	-1.46789	0.395779
35.65	-1.48794	0.373936
35.7	-1.50697	0.351834
35.75	-1.52497	0.329495
35.8	-1.54198	0.30694
35.85	-1.55799	0.284186
35.9	-1.57302	0.261254
35.95	-1.58708	0.238161
36	-1.60019	0.214923
36.05	-1.61234	0.191558
36.1	-1.62355	0.168081
36.15	-1.63382	0.144508
36.2	-1.64317	0.120853
36.25	-1.65161	0.0971296
36.3	-1.65913	0.073353
36.35	-1.66574	0.0495364
36.4	-1.67146	0.025693
36.45	-1.67628	0.00183592
36.5	-1.68021	-0.0220222
36.55	-1.68325	-0.0458687
36.6	-1.68542	-0.0696911
36.65	-1.6867	-0.0934773
36.7	-1.68712	-0.117215
36.75	-1.68666	-0.140892
36.8	-1.68533	-0.164497
36.85	-1.68313	-0.188016
36.9	-1.68006	-0.211439
36.95	-1.67614	-0.234753
37	-1.67134	-0.257947
37.05	-1.66569	-0.281006
37.1	-1.65916	-0.30392
37.15	-1.65178	-0.326676
37.2	-1.64353	-0.349261
37.25	-1.63441	-0.371661
37.3	-1.62443	-0.393864
37.35	-1.61357	-0.415857
37.4	-1.60185	-0.437624
37.45	-1.58925	-0.459153
37.5	-1.57577	-0.480428
37.55	-1.56141	-0.501435
37.6	-1.54616	-0.522157
37.65	-1.53003	-0.542579
37.7	-1.513	-0.562684
37.75	-1.49508	-0.582454
37.8	-1.47624	-0.601872
37.85	-1.4565	-0.620919
37.9	-1.43584	-0.639574
37.95	-1.41426	-0.657818
38	-1.39174	-0.675628
38.05	-1.36829	-0.692983
38.1	-1.34388	-0.709857
38.15	-1.31852	-0.726225
38.2	-1.29219	-0.742062
38.25	-1.26489	-0.757337
38.3	-1.2366	-0.772022
38.35	-1.20731	-0.786084
38.4	-1.17701	-0.799488
38.45	-1.14569	-0.812199
38.5	-1.11334	-0.824177
38.55	-1.07994	-0.835379
38.6	-1.04548	-0.845761
38.65	-1.00994	-0.855273
38.7	-0.973317	-0.863863
38.75	-0.935588	-0.871473
38.8	-0.89674	-0.878041
38.85	-0.856757	-0.883498
38.9	-0.815626	-0.88777
38.95	-0.77333	-0.890776
39	-0.729857	-0.892425
39.05	-0.685193	-0.892618
39.1	-0.639327	-0.891245
39.15	-0.59225	-0.888183
39.2	-0.543956	-0.883296
39.25	-0.494443	-0.876431
39.3	-0.443717	-0.867416
39.35	-0.391792	-0.856056
39.4	-0.338694	-0.842132
39.45	-0.284463	-0.825392
39.5	-0.229163	-0.805551
39.55	-0.172888	-0.782282
39.6	-0.115772	-0.75521
39.65	-0.0580077	-0.723904
39.7	0.000135446	-0.687874
39.75	0.0582775	-0.64656
39.8	0.115887	-0.599337
39.85	0.172223	-0.545528
39.9	0.226259	-0.484434
39.95	0.276594	-0.415417
40	0.321367	-0.338045
40.05	0.358222	-0.252344
40.1	0.384432	-0.159145
40.15	0.397299	-0.0604219
40.2	0.394862	0.0406286
40.25	0.376642	0.140055
40.3	0.34391	0.234086
40.35	0.299237	0.319988
40.4	0.245667	0.396377
40.45	0.186042	0.462994
40.5	0.122672	0.520295
40.55	0.0572948	0.56908
40.6	-0.00884795	0.610261
40.65	-0.0748934	0.644732
40.7	-0.140254	0.673308
40.75	-0.204537	0.69671
40.8	-0.267484	0.715562
40.85	-0.328932	0.730401
40.9	-0.388779	0.741688
40.95	-0.446972	0.749818
41	-0.503484	0.755129
41.05	-0.558313	0.757916
41.1	-0.611468	0.75843
41.15	-0.662971	0.756895
41.2	-0.712846	0.753501
41.25	-0.761124	0.74842
41.3	-0.807838	0.741801
41.35	-0.853022	0.733775
41.4	-0.896708	0.724462
41.45	-0.93893	0.713967
41.5	-0.979723	0.702384
41.55	-1.01912	0.689799
41.6	-1.05714	0.676289
41.65	-1.09383	0.661923
41.7	-1.12922	0.646765
41.75	-1.16332	0.630873
41.8	-1.19616	0.614301
41.85	-1.22778	0.597098
41.9	-1.25819	0.579308
41.95	-1.28741	0.560972
42	-1.31548	0.542131
42.05	-1.3424	0.522819
42.1	-1.3682	0.50307
42.15	-1.3929	0.482914
42.2	-1.4165	0.462382
42.25	-1.43904	0.441501
42.3	-1.46053	0.420296
42.35	-1.48097	0.398791
42.4	-1.50039	0.377011
42.45	-1.51879	0.354975
42.5	-1.53619	0.332706
42.55	-1.55261	0.310223
42.6	-1.56805	0.287544
42.65	-1.58251	0.264688
42.7	-1.59603	0.241671
42.75	-1.60859	0.218511
42.8	-1.62021	0.195224
42.85	-1.6309	0.171824
42.9	-1.64067	0.148326
42.95	-1.64952	0.124746
43	-1.65745	0.101097
43.05	-1.66449	0.0773921
43.1	-1.67062	0.0536458
43.15	-1.67586	0.0298708
43.2	-1.68021	0.00607997
43.25	-1.68367	-0.0177141
43.3	-1.68625	-0.0414989
43.35	-1.68795	-0.0652621
43.4	-1.68878	-0.0889914
43.45	-1.68874	-0.112675
43.5	-1.68782	-0.1363
43.55	-1.68604	-0.159855
43.6	-1.68338	-0.183328
43.65	-1.67986	-0.206706
43.7	-1.67548	-0.229978
43.75	-1.67023	-0.253131
43.8	-1.66411	-0.276153
43.85	-1.65712	-0.29903
43.9	-1.64927	-0.321752
43.95	-1.64055	-0.344303
44	-1.63096	-0.366672
44.05	-1.62049	-0.388845
44.1	-1.60915	-0.410808
44.15	-1.59694	-0.432546
44.2	-1.58384	-0.454046
44.25	-1.56985	-0.475292
44.3	-1.55498	-0.496269
44.35	-1.53921	-0.51696
44.4	-1.52254	-0.53735
44.45	-1.50497	-0.55742
44.5	-1.48649	-0.577153
44.55	-1.46709	-0.59653
44.6	-1.44677	-0.615532
44.65	-1.42552	-0.634138
44.7	-1.40332	-0.652327
44.75	-1.38019	-0.670075
44.8	-1.35609	-0.68736
44.85	-1.33104	-0.704156
44.9	-1.30501	-0.720436
44.95	-1.27799	-0.736172
45	-1.24998	-0.751335
45.05	-1.22096	-0.765892
45.1	-1.19092	-0.77981
45.15	-1.15984	-0.793051
45.2	-1.12773	-0.805578
45.25	-1.09455	-0.817349
45.3	-1.0603	-0.828318
45.35	-1.02496	-0.838436
45.4	-0.98852	-0.847652
45.45	-0.950959	-0.855909
45.5	-0.912264	-0.863143
45.55	-0.872416	-0.869288
45.6	-0.831401	-0.87427
45.65	-0.789203	-0.878007
45.7	-0.745805	-0.880411
45.75	-0.701194	-0.881381
45.8	-0.655356	-0.880809
45.85	-0.608279	-0.878573
45.9	-0.559956	-0.874537
45.95	-0.510384	-0.868549
46	-0.459563	-0.860436
46.05	-0.407504	-0.850007
46.1	-0.354229	-0.83704
46.15	-0.299775	-0.821286
46.2	-0.244199	-0.80246
46.25	-0.187589	-0.780235
46.3	-0.130071	-0.754235
46.35	-0.0718285	-0.724029
46.4	-0.0131192	-0.689124
46.45	0.0456902	-0.648957
46.5	0.104085	-0.602898
46.55	0.161343	-0.550258
46.6	0.216462	-0.490321
46.65	0.268066	-0.422424
46.7	0.314319	-0.346093
46.75	0.352882	-0.261295
46.8	0.381025	-0.168781
46.85	0.396005	-0.0704369
46.9	0.395771	0.0306135
46.95	0.379719	0.13044
47	0.348999	0.225229
47.05	0.306104	0.31216
47.1	0.254052	0.389752
47.15	0.195693	0.457669
47.2	0.133367	0.516308
47.25	0.0688417	0.566434
47.3	0.00339018	0.608938
47.35	-0.0620989	0.6447
47.4	-0.127017	0.67453
47.45	-0.190952	0.699146
47.5	-0.253634	0.71917
47.55	-0.314886	0.735139
47.6	-0.374599	0.747516
47.65	-0.432709	0.756696
47.7	-0.489187	0.763019
47.75	-0.544022	0.766781
47.8	-0.59722	0.768236
47.85	-0.648798	0.767606
47.9	-0.698778	0.765086
47.95	-0.747188	0.760847
48	-0.794058	0.755039
48.05	-0.839418	0.747797
48.1	-0.883302	0.739239
48.15	-0.92574	0.729471
48.2	-0.966765	0.718589
48.25	-1.00641	0.70668
48.3	-1.0447	0.69382
48.35	-1.08166	0.680081
48.4	-1.11733	0.665527
48.45	-1.15173	0.650217
48.5	-1.18488	0.634204
48.55	-1.21682	0.617538
48.6	-1.24755	0.600264
48.65	-1.27711	0.582425
48.7	-1.30552	0.564059
48.75	-1.33279	0.545203
48.8	-1.35895	0.525891
48.85	-1.38401	0.506153
48.9	-1.40798	0.48602
48.95	-1.4309	0.46552
49	-1.45276	0.444678
49.05	-1.47358	0.423518
49.1	-1.49339	0.402066
49.15	-1.51218	0.380341
49.2	-1.52998	0.358365
49.25	-1.54679	0.336159
49.3	-1.56263	0.313741
49.35	-1.5775	0.291129
49.4	-1.59142	0.268341
49.45	-1.60439	0.245393
49.5	-1.61642	0.222302
49.55	-1.62752	0.199082
49.6	-1.6377	0.17575
49.65	-1.64696	0.15232
49.7	-1.65531	0.128805
49.75	-1.66276	0.10522
49.8	-1.66931	0.0815779
49.85	-1.67497	0.0578923
49.9	-1.67973	0.034176
49.95	-1.68361	0.0104416
50	-1.68661	-0.0132982
50.05	-1.68873	-0.0370311
50.1	-1.68998	-0.0607448
50.15	-1.69035	-0.0844271
50.2	-1.68984	-0.108066
50.25	-1.68847	-0.131649
50.3	-1.68623	-0.155164
50.35	-1.68312	-0.1786
50.4	-1.67915	-0.201943
50.45	-1.6743	-0.225182
50.5	-1.66859	-0.248304
50.55	-1.66201	-0.271297
50.6	-1.65456	-0.294148
50.65	-1.64623	-0.316844
50.7	-1.63704	-0.339372
50.75	-1.62696	-0.361718
50.8	-1.61601	-0.383869
50.85	-1.60418	-0.405811
50.9	-1.59146	-0.427529
50.95	-1.57786	-0.449007
51	-1.56335	-0.470232
51.05	-1.54796	-0.491186
51.1	-1.53165	-0.511854
51.15	-1.51444	-0.532218
51.2	-1.49632	-0.55226
51.25	-1.47727	-0.571962
51.3	-1.45729	-0.591304
51.35	-1.43638	-0.610266
51.4	-1.41452	-0.628827
51.45	-1.3917	-0.646964
51.5	-1.36793	-0.664653
51.55	-1.34318	-0.681871
51.6	-1.31745	-0.698589
51.65	-1.29073	-0.714781
51.7	-1.263	-0.730416
51.75	-1.23426	-0.745464
51.8	-1.20449	-0.759889
51.85	-1.17367	-0.773658
51.9	-1.1418	-0.786729
51.95	-1.10886	-0.799063
52	-1.07483	-0.810615
52.05	-1.0397	-0.821336
52.1	-1.00345	-0.831175
52.15	-0.96607	-0.840074
52.2	-0.927538	-0.847972
52.25	-0.887838	-0.854802
52.3	-0.846952	-0.86049
52.35	-0.804863	-0.864957
52.4	-0.761554	-0.868112
52.45	-0.717008	-0.869858
52.5	-0.671211	-0.870086
52.55	-0.62415	-0.868674
52.6	-0.575814	-0.865489
52.65	-0.526196	-0.860377
52.7	-0.475296	-0.853168
52.75	-0.423121	-0.843669
52.8	-0.369687	-0.831662
52.85	-0.315027	-0.816897
52.9	-0.259194	-0.79909
52.95	-0.202268	-0.777912
53	-0.144368	-0.752989
53.05	-0.0856673	-0.72389
53.1	-0.0264136	-0.690118
53.15	0.0330405	-0.651109
53.2	0.0921966	-0.606225
53.25	0.150353	-0.554768
53.3	0.20653	-0.496007
53.35	0.259378	-0.429252
53.4	0.307086	-0.35399
53.45	0.347334	-0.270129
53.5	0.377389	-0.17834
53.55	0.394471	-0.0804211
53.6	0.396439	0.0205793
53.65	0.382564	0.120757
53.7	0.353875	0.216259
53.75	0.312784	0.304182
53.8	0.262278	0.382949
53.85	0.205215	0.452141
53.9	0.143961	0.5121
53.95	0.0803159	0.563554
54	0.0155823	0.60737
54.05	-0.049325	0.644416
54.1	-0.113775	0.675494
54.15	-0.177341	0.701319
54.2	-0.239735	0.722511
54.25	-0.300771	0.739609
54.3	-0.36033	0.753075
54.35	-0.41834	0.763305
54.4	-0.474764	0.770641
54.45	-0.529588	0.775379
54.5	-0.582813	0.777776
54.55	-0.63445	0.778054
54.6	-0.68452	0.776411
54.65	-0.733047	0.773017
54.7	-0.780058	0.768024
54.75	-0.825583	0.761568
54.8	-0.869651	0.753769
54.85	-0.912293	0.744733
54.9	-0.953538	0.734557
54.95	-0.993416	0.723328
55	-1.03196	0.711125
55.05	-1.06919	0.698018
55.1	-1.10513	0.684074
55.15	-1.13982	0.66935
55.2	-1.17327	0.653902
55.25	-1.20551	0.637779
55.3	-1.23657	0.621027
55.35	-1.26646	0.60369
55.4	-1.2952	0.585806
55.45	-1.32281	0.567412
55.5	-1.34932	0.548543
55.55	-1.37473	0.52923
55.6	-1.39907	0.509503
55.65	-1.42235	0.48939
55.7	-1.44458	0.468917
55.75	-1.46578	0.44811
55.8	-1.48597	0.426992
55.85	-1.50515	0.405585
55.9	-1.52334	0.38391
55.95	-1.54054	0.361988
56	-1.55677	0.339837
56.05	-1.57204	0.317477
56.1	-1.58636	0.294924
56.15	-1.59974	0.272195
56.2	-1.61217	0.249307
56.25	-1.62368	0.226276
56.3	-1.63427	0.203116
56.35	-1.64395	0.179843
56.4	-1.65271	0.15647
56.45	-1.66057	0.133012
56.5	-1.66754	0.109481
56.55	-1.67361	0.0858925
56.6	-1.67879	0.062258
56.65	-1.68309	0.0385906
56.7	-1.6865	0.014903
56.75	-1.68904	-0.00879231
56.8	-1.6907	-0.0324831
56.85	-1.69148	-0.0561571
56.9	-1.69139	-0.0798021
56.95	-1.69044	-0.103406
57	-1.68861	-0.126957
57.05	-1.68591	-0.150442
57.1	-1.68234	-0.17385
57.15	-1.67791	-0.197168
57.2	-1.6726	-0.220384
57.25	-1.66643	-0.243485
57.3	-1.65938	-0.266458
57.35	-1.65145	-0.289291
57.4	-1.64265	-0.311971
57.45	-1.63298	-0.334484
57.5	-1.62242	-0.356816
57.55	-1.61098	-0.378954
57.6	-1.59864	-0.400883
57.65	-1.58542	-0.422588
57.7	-1.5713	-0.444054
57.75	-1.55627	-0.465264
57.8	-1.54034	-0.486204
57.85	-1.52349	-0.506855
57.9	-1.50573	-0.527199
57.95	-1.48703	-0.54722
58	-1.46741	-0.566896
58.05	-1.44684	-0.586208
58.1	-1.42531	-0.605135
58.15	-1.40283	-0.623655
58.2	-1.37938	-0.641743
58.25	-1.35495	-0.659376
58.3	-1.32954	-0.676527
58.35	-1.30312	-0.693169
58.4	-1.27568	-0.709272
58.45	-1.24722	-0.724805
58.5	-1.21772	-0.739734
58.55	-1.18717	-0.754023
58.6	-1.15556	-0.767635
58.65	-1.12286	-0.780528
58.7	-1.08906	-0.792658
58.75	-1.05415	-0.803978
58.8	-1.01811	-0.814434
58.85	-0.980916	-0.823972
58.9	-0.942559	-0.83253
58.95	-0.903017	-0.840042
59	-0.862272	-0.846434
59.05	-0.820305	-0.851627
59.1	-0.777097	-0.855532
59.15	-0.732631	-0.858052
59.2	-0.68689	-0.859078
59.25	-0.639858	-0.85849
59.3	-0.591523	-0.856153
59.35	-0.541876	-0.851918
59.4	-0.490913	-0.845613
59.45	-0.438637	-0.837046
59.5	-0.385061	-0.826
59.55	-0.330214	-0.812226
59.6	-0.274142	-0.795439
59.65	-0.216919	-0.775313
59.7	-0.158657	-0.751473
59.75	-0.0995192	-0.723486
59.8	-0.0397428	-0.690855
59.85	0.0203334	-0.653013
59.9	0.0802273	-0.609316
59.95	0.139257	-0.559057
60	0.196467	-0.501489
60.05	0.250532	-0.435897
60.1	0.29967	-0.361731
60.15	0.341579	-0.278839
60.2	0.373528	-0.187817
60.25	0.392698	-0.0903688
60.3	0.396865	0.0105317
60.35	0.385176	0.111011
60.4	0.358536	0.207182
60.45	0.319273	0.296059
60.5	0.270341	0.375969
60.55	0.214603	0.446414
60.6	0.15445	0.507675
60.65	0.0917127	0.560442
60.7	0.0277235	0.605559
60.75	-0.0365768	0.64388
60.8	-0.100536	0.6762
60.85	-0.163709	0.703228
60.9	-0.225794	0.725586
60.95	-0.286593	0.743811
61	-0.345978	0.758364
61.05	-0.403869	0.769643
61.1	-0.460222	0.777992
61.15	-0.515018	0.783708
61.2	-0.568252	0.787048
61.25	-0.619933	0.788237
61.3	-0.670078	0.787472
61.35	-0.718707	0.784926
61.4	-0.765846	0.780752
61.45	-0.81152	0.775086
61.5	-0.85576	0.768049
61.55	-0.898592	0.759749
61.6	-0.940046	0.750283
61.65	-0.980148	0.73974
61.7	-1.01893	0.728197
61.75	-1.05641	0.715728
61.8	-1.09262	0.702398
61.85	-1.12759	0.688266
61.9	-1.16133	0.673388
61.95	-1.19387	0.657814
62	-1.22524	0.641591
62.05	-1.25544	0.624762
62.1	-1.28451	0.607366
62.15	-1.31246	0.58944
62.2	-1.3393	0.57102
62.25	-1.36507	0.552138
62.3	-1.38976	0.532823
62.35	-1.4134	0.513104
62.4	-1.436	0.493008
62.45	-1.45757	0.47256
62.5	-1.47813	0.451783
62.55	-1.49769	0.4307
62.6	-1.51627	0.409333
62.65	-1.53386	0.387702
62.7	-1.55048	0.365826
62.75	-1.56615	0.343723
62.8	-1.58086	0.321413
